{"cameraMode":{"drawMode":0,"name":"Shaded","section":"Shading Mode"},"sceneLighting":true,"audioPlay":false,"sceneViewState":{"showFog":true,"showMaterialUpdate":false,"showSkybox":false,"showFlares":true,"showImageEffects":true,"showParticleSystems":true},"in2DMode":false,"pivot":{"x":1.1920928955078126e-7,"y":1.0250000953674317,"z":0.0},"rotation":{"x":0.27523094415664675,"y":-0.03315943479537964,"z":0.009499032981693745,"w":0.9607604146003723},"size":10.990890502929688,"orthographic":true}